{
"meta":{"test_sets":[],"test_metrics":[],"learn_metrics":[{"best_value":"Min","name":"Logloss"}],"launch_mode":"Train","parameters":"","iteration_count":10,"learn_sets":["learn"],"name":"experiment"},
"iterations":[
{"learn":[0.4703292853],"iteration":0,"passed_time":0.08654012419,"remaining_time":0.7788611177},
{"learn":[0.4027058961],"iteration":1,"passed_time":0.102598658,"remaining_time":0.4103946321},
{"learn":[0.3463797383],"iteration":2,"passed_time":0.1179776093,"remaining_time":0.2752810883},
{"learn":[0.3145380546],"iteration":3,"passed_time":0.1336198209,"remaining_time":0.2004297313},
{"learn":[0.2910572109],"iteration":4,"passed_time":0.1484805824,"remaining_time":0.1484805824},
{"learn":[0.2669176097],"iteration":5,"passed_time":0.163758031,"remaining_time":0.1091720207},
{"learn":[0.2337138998],"iteration":6,"passed_time":0.1795495499,"remaining_time":0.07694980709},
{"learn":[0.2212771927],"iteration":7,"passed_time":0.1988894145,"remaining_time":0.04972235361},
{"learn":[0.2111545357],"iteration":8,"passed_time":0.2138398505,"remaining_time":0.02375998339},
{"learn":[0.1966633356],"iteration":9,"passed_time":0.2287910694,"remaining_time":0}
]}